Nick,Data,champion,championenemy,kills,deaths,assists,win,position,tempo_total,cs,cspm,killParticipation,soloKills,teamDamagePercentage,visionScoreAdvantageLaneOpponent,visionScorePerMinute,detectorWardsPlaced,wardTakedownsBefore20M,wardTakedowns,firstBloodKill,firstBloodAssist,kda,turretPlatesTaken,dragonKills,wardsKilled,wardsPlaced,maxCsAdvantageOnLaneOpponent,laningPhaseGoldExpAdvantage,cs@5,csdiff@5,jgdiff@5,golddiff@5,xpdiff@5,danodiff@5,csdiff@15,jgdiff@15,golddiff@15,xpdiff@15,danodiff@15,danodiff@3,Dpm,gameId,gold15rend,goldpm,danoporgold,cspmjg
yozan,2023-10-03,Aatrox,Gangplank,2.0,4.0,2.0,0.0,TOP,21:40,153.0,7.29,0.4,1.0,0.25374984744004137,-0.19437247514724731,0.6868663067599069,2.0,0.0,0.0,0.0,0.0,1.0,4.0,0.0,0.0,9.0,14.0,0.0,24.0,11.0,0.0,-336.0,468.0,-658.0,16.0,-4.0,-1940.0,551.0,-1468.0,-379.0,569.4761904761905,2813502831.0,0.7226428079834825,390.57142857142856,0.68584329793461,0.0
yozan,2023-10-05,Fiora,Gwen,2.0,4.0,1.0,0.0,TOP,22:52,145.0,6.59,0.2,0.0,0.2031864035615397,0.7901349067687988,0.9547990401418992,1.0,0.0,0.0,0.0,0.0,0.75,0.0,0.0,0.0,8.0,26.0,0.0,35.0,15.0,0.0,-13.0,374.0,-376.0,8.0,0.0,-1581.0,-553.0,-783.0,67.0,496.27272727272725,2814594727.0,0.6941766293868107,316.1818181818182,0.6371130243634365,0.0
yozan,2023-10-04,Gwen,Ornn,4.0,7.0,3.0,0.0,TOP,25:54,156.0,6.24,0.4117647058823529,1.0,0.3621816722020925,-0.033192455768585205,0.5612633792884363,2.0,1.0,2.0,0.0,0.0,1.0,0.0,0.0,2.0,6.0,38.0,0.0,35.0,10.0,0.0,263.0,92.0,-71.0,19.0,0.0,8.0,-1164.0,646.0,115.0,934.52,2814023292.0,0.7493993716503419,388.6,0.41582844668920943,0.0
yozan,2023-10-03,Tryndamere,Quinn,5.0,3.0,7.0,1.0,TOP,22:17,149.0,6.77,0.3333333333333333,2.0,0.1522241575076016,0.30167174339294434,0.4790343865545867,1.0,0.0,1.0,0.0,0.0,4.0,2.0,0.0,1.0,4.0,16.0,0.0,29.0,1.0,0.0,346.0,83.0,-721.0,3.0,0.0,459.0,926.0,-5785.0,-768.0,470.04545454545456,2813487544.0,0.5013617231988116,463.22727272727275,0.9854946330142152,0.36
yozan,2023-10-03,Gwen,KSante,11.0,5.0,9.0,1.0,TOP,26:52,146.0,5.62,0.45454545454545453,4.0,0.24798367303079952,0.4743692874908447,0.9014481128132524,3.0,0.0,0.0,1.0,0.0,4.0,3.0,0.0,0.0,6.0,21.0,0.0,15.0,-7.0,0.0,435.0,-71.0,780.0,-9.0,0.0,957.0,284.0,2315.0,308.0,990.4230769230769,2813561640.0,0.7991254055579066,508.65384615384613,0.5135722884548173,0.04
yozan,2023-10-05,Fiora,Kennen,7.0,4.0,9.0,1.0,TOP,29:11,164.0,5.66,0.35555555555555557,2.0,0.2151736877028027,-0.22140294313430786,0.4648328622285324,1.0,0.0,1.0,0.0,0.0,4.0,0.0,0.0,1.0,5.0,11.0,0.0,34.0,6.0,0.0,121.0,98.0,-1195.0,-26.0,-2.0,-1194.0,-1635.0,-2234.0,-446.0,901.4827586206897,2814560948.0,0.8280069726902963,397.3103448275862,0.44072983207742034,0.0
yozan,2023-10-04,Gwen,Poppy,2.0,7.0,3.0,0.0,TOP,33:47,234.0,7.09,0.23809523809523808,0.0,0.18811341884028335,-0.2139309048652649,0.4362932461922018,0.0,0.0,0.0,0.0,0.0,0.7142857142857143,1.0,0.0,0.0,9.0,26.0,0.0,24.0,5.0,0.0,-209.0,-110.0,-649.0,19.0,0.0,220.0,-433.0,-956.0,-483.0,481.93939393939394,2813942886.0,0.9929664873810509,367.3333333333333,0.7621981891348089,0.0
yozan,2023-10-04,Renekton,Gwen,3.0,10.0,6.0,0.0,TOP,23:39,115.0,5.0,0.3333333333333333,1.0,0.18031862028695678,-0.3373839259147644,0.41082519657528677,0.0,0.0,0.0,0.0,0.0,0.9,0.0,0.0,0.0,6.0,1.0,0.0,26.0,-2.0,0.0,376.0,-105.0,-996.0,-43.0,0.0,-1553.0,-2312.0,-5822.0,-803.0,661.1304347826087,2813986599.0,0.895771878072763,316.30434782608694,0.4784295672760752,0.0
yozan,2023-10-02,Fiora,Camille,4.0,5.0,3.0,0.0,TOP,20:57,148.0,7.4,0.4666666666666667,2.0,0.26049544753579806,-0.03407770395278931,0.5971188633278832,1.0,1.0,1.0,0.0,0.0,1.4,2.0,0.0,1.0,8.0,19.5,0.0,32.0,12.0,0.0,-17.0,-177.0,-1168.0,14.0,0.0,729.0,516.0,1068.0,58.0,638.1,2812862469.0,0.8851828094932649,410.5,0.64331609465601,0.0
yozan,2023-09-30,Kennen,Aatrox,8.0,2.0,4.0,1.0,TOP,20:26,134.0,6.7,0.4,5.0,0.3184628661827566,0.0525439977645874,0.5507780045831181,0.0,2.0,2.0,0.0,0.0,6.0,3.0,0.0,2.0,6.0,24.0,1.0,18.0,-11.0,0.0,-112.0,-153.0,1415.0,22.0,0.0,1737.0,2355.0,6894.0,698.0,1102.0,2811865162.0,0.6917738904149198,461.5,0.4187840290381125,0.2
yozan,2023-10-01,Gwen,Jayce,6.0,2.0,1.0,1.0,TOP,23:14,164.0,7.13,0.22580645161290322,1.0,0.1894681992970355,0.2873586416244507,1.011449402674869,2.0,2.0,4.0,0.0,0.0,3.5,2.0,0.0,4.0,9.0,8.599999994039536,0.0,28.0,0.0,0.0,-44.0,108.0,-1004.0,-14.0,0.0,-1076.0,107.0,-5220.0,-866.0,591.9130434782609,2812794096.0,0.7527881040892194,470.82608695652175,0.795431173791685,0.17
yozan,2023-09-30,Ornn,Rumble,1.0,10.0,3.0,0.0,TOP,23:40,103.0,4.48,0.2222222222222222,1.0,0.18147749400905477,0.24104595184326172,0.6717253665349233,2.0,0.0,1.0,0.0,0.0,0.4,0.0,0.0,1.0,10.0,8.0,0.0,26.0,7.0,0.0,-132.0,157.0,-536.0,-10.0,0.0,-1463.0,-745.0,-3191.0,-57.0,416.6521739130435,2811900082.0,0.7627118644067796,270.82608695652175,0.6500052175727852,0.0
yozan,2023-09-29,Fiora,Volibear,2.0,3.0,6.0,0.0,TOP,23:45,151.0,6.57,0.3333333333333333,1.0,0.19519527975451756,-0.17012953758239746,0.734917623548597,4.0,0.0,1.0,0.0,0.0,2.6666666666666665,1.0,0.0,1.0,9.0,20.0,0.0,29.0,6.0,0.0,124.0,154.0,965.0,-3.0,0.0,14.0,-520.0,2188.0,519.0,604.9130434782609,2811538186.0,0.8792221084953941,348.2608695652174,0.575720549126716,0.0
yozan,2023-09-29,Kennen,Sion,2.0,4.0,1.0,0.0,TOP,17:9,122.0,7.18,0.17647058823529413,1.0,0.21740914205856393,1.1894290447235107,0.9503542068105465,3.0,1.0,1.0,0.0,0.0,0.75,5.0,0.0,1.0,9.0,10.0,0.0,24.0,-4.0,0.0,-379.0,-292.0,-198.0,6.0,0.0,392.0,-761.0,-141.0,87.0,546.7058823529412,2811383340.0,0.657166013778198,449.2352941176471,0.8217129330751022,0.0
yozan,2023-09-28,Kennen,Riven,6.0,0.0,1.0,1.0,TOP,16:48,144.0,9.0,0.3181818181818182,5.0,0.2578599429195371,1.484234094619751,0.6866619401272555,1.0,0.0,0.0,1.0,0.0,7.0,4.0,0.0,0.0,5.0,78.0,1.0,30.0,6.0,0.0,488.0,113.0,1327.0,53.0,0.0,4440.0,3856.0,8224.0,872.0,662.4375,2810771266.0,0.8318161128812016,577.5,0.8717803566374186,0.0
yozan,2023-09-27,Fiora,Tryndamere,4.0,6.0,1.0,0.0,TOP,18:23,123.0,6.83,0.25,4.0,0.36270223478770147,-0.2983960509300232,0.26366188440006705,0.0,1.0,1.0,0.0,0.0,0.8333333333333334,3.0,0.0,1.0,3.0,6.0,0.0,22.0,-10.0,0.0,-497.0,-250.0,-197.0,-2.0,0.0,-551.0,334.0,2577.0,-552.0,979.8888888888889,2810489105.0,0.9867635189669088,398.3888888888889,0.40656537022338135,0.0
yozan,2023-09-27,Fiora,Tryndamere,15.0,3.0,2.0,1.0,TOP,28:41,223.0,7.96,0.4857142857142857,9.0,0.35171549982458633,0.14483237266540527,0.7405107497377442,2.0,1.0,3.0,0.0,0.0,5.666666666666667,5.0,0.0,3.0,10.0,33.0,1.0,30.0,2.0,0.0,-58.0,472.0,83.0,16.0,-4.0,2717.0,1357.0,6316.0,-185.0,1394.2142857142858,2810279608.0,0.7802536446604244,586.75,0.4208463548337517,0.0
yozan,2023-09-26,Fiora,Pantheon,4.0,8.0,2.0,0.0,TOP,18:56,76.0,4.22,0.5454545454545454,0.0,0.1380678084492589,0.46656644344329834,0.8703466319755033,3.0,1.0,1.0,0.0,0.0,0.75,1.0,0.0,1.0,9.0,0.0,0.0,8.0,-17.0,0.0,-701.0,-1027.0,-410.0,-59.0,0.0,-3940.0,-3692.0,-10431.0,-72.0,275.77777777777777,2809939073.0,0.991615020051039,354.72222222222223,1.2862610797743754,0.0
yozan,2023-09-25,Gwen,Kennen,4.0,5.0,5.0,1.0,TOP,31:30,212.0,6.84,0.23076923076923078,0.0,0.12704365329261785,-0.10646712779998779,0.7825941957754547,2.0,1.0,4.0,0.0,0.0,1.8,0.0,0.0,4.0,11.0,1.0,0.0,33.0,-5.0,0.0,-70.0,0.0,-1081.0,-29.0,0.0,-1687.0,-1419.0,-4981.0,-549.0,438.0967741935484,2809461724.0,0.9292035398230089,399.6774193548387,0.912303954053457,0.13
yozan,2023-09-25,Fiora,Gnar,4.0,7.0,4.0,0.0,TOP,26:19,178.0,6.85,0.4,0.0,0.21945401059869304,-0.7883158326148987,0.2286265877369138,0.0,0.0,0.0,1.0,0.0,1.1428571428571428,0.0,0.0,0.0,3.0,25.0,0.0,35.0,3.0,0.0,488.0,-61.0,-181.0,15.0,0.0,101.0,-311.0,-1943.0,203.0,557.3846153846154,2809590342.0,0.7239334541261736,381.2307692307692,0.6839635661054375,0.0
yozan,2023-09-23,Fiora,Zac,4.0,2.0,2.0,0.0,TOP,20:49,151.0,7.55,0.5,2.0,0.2374092258914018,0.2508378028869629,0.5012103808326446,1.0,0.0,0.0,0.0,0.0,3.0,5.0,0.0,0.0,7.0,29.0,1.0,25.0,2.0,0.0,454.0,272.0,962.0,11.0,0.0,2057.0,1274.0,4202.0,454.0,593.25,2808270838.0,0.8940782773170377,413.9,0.6976822587442056,0.0
yozan,2023-09-23,Gwen,Riven,6.0,6.0,15.0,0.0,TOP,30:28,191.0,6.37,0.6176470588235294,2.0,0.2635123054813528,0.19742560386657715,0.7936517306726721,1.0,0.0,5.0,1.0,0.0,3.5,3.0,1.0,5.0,9.0,33.0,0.0,28.0,8.0,0.0,377.0,459.0,1147.0,15.0,0.0,623.0,861.0,2135.0,920.0,943.9666666666667,2808538953.0,0.9552588850802815,474.5,0.5026660545923232,0.13
yozan,2023-09-23,Gwen,Gangplank,4.0,6.0,2.0,1.0,TOP,17:3,108.0,6.35,0.2727272727272727,2.0,0.249357594876433,-0.31953102350234985,0.5205421090293114,1.0,1.0,1.0,0.0,1.0,1.0,0.0,0.0,1.0,6.0,5.0,0.0,14.0,-4.0,0.0,-380.0,-847.0,552.0,-8.0,0.0,-1747.0,-1374.0,-2899.0,29.0,594.2941176470588,2808248453.0,0.6865721997300944,372.29411764705884,0.6264475898248045,0.0
yozan,2023-09-23,Fiora,Aatrox,2.0,2.0,5.0,1.0,TOP,18:24,129.0,7.17,0.35,0.0,0.17607752930084433,0.019860386848449707,0.7909454778725868,1.0,2.0,2.0,0.0,0.0,3.5,5.0,0.0,2.0,5.0,18.0,0.0,33.0,8.0,0.0,-162.0,-176.0,239.0,12.0,0.0,329.0,1115.0,562.0,260.0,435.1111111111111,2808215846.0,0.8075169051737695,398.05555555555554,0.9148365679264555,0.0
yozan,2023-09-23,Fiora,Singed,3.0,4.0,1.0,0.0,TOP,27:12,234.0,8.67,0.2857142857142857,1.0,0.23962721902397505,-0.33919835090637207,0.6932124229331467,1.0,1.0,2.0,0.0,0.0,1.0,5.0,0.0,2.0,9.0,57.0,0.0,42.0,29.0,0.0,543.0,862.0,639.0,40.0,0.0,2657.0,600.0,2895.0,179.0,520.8148148148148,2808388352.0,0.9343691012051691,412.14814814814815,0.7913525814251173,0.0
yozan,2023-09-21,Fiora,KSante,11.0,4.0,4.0,1.0,TOP,27:48,214.0,7.93,0.5769230769230769,4.0,0.32156265243250476,-0.021638870239257812,0.6231857618003038,1.0,3.0,3.0,0.0,0.0,3.75,5.0,0.0,3.0,8.0,86.40000000596046,1.0,31.0,14.0,0.0,563.0,423.0,979.0,35.0,0.0,2957.0,1269.0,2843.0,478.0,892.7777777777778,2807250746.0,0.799516600941356,616.0,0.6899813316739266,0.0
yozan,2023-09-21,Fiora,Kennen,5.0,5.0,1.0,0.0,TOP,23:46,168.0,7.3,0.42857142857142855,3.0,0.2927858110405169,-0.33889085054397583,0.771293356773463,3.0,0.0,0.0,0.0,0.0,1.2,0.0,0.0,0.0,10.0,11.0,0.0,22.0,-5.0,0.0,145.0,-325.0,-93.0,-1.0,0.0,-1959.0,-756.0,-2102.0,79.0,553.7391304347826,2807161698.0,0.8445110528287748,418.39130434782606,0.7555747487437185,0.0
yozan,2023-09-21,Fiora,Jax,8.0,2.0,7.0,1.0,TOP,24:28,179.0,7.46,0.36585365853658536,4.0,0.26298418219741854,-0.23339426517486572,0.812933151180511,1.0,2.0,2.0,1.0,0.0,7.5,4.0,0.0,2.0,9.0,60.0,1.0,28.0,10.0,0.0,924.0,616.0,593.0,29.0,4.0,2743.0,2256.0,6998.0,428.0,1072.9583333333333,2807151047.0,0.577272241802841,530.875,0.49477690186788864,0.17
yozan,2023-09-20,Fiora,Jax,10.0,5.0,8.0,1.0,TOP,35:44,304.0,8.69,0.5142857142857142,6.0,0.29578006942030216,-0.16795963048934937,0.45022810324763857,2.0,2.0,3.0,0.0,0.0,3.6,5.0,0.0,3.0,9.0,81.0,0.0,32.0,6.0,0.0,458.0,516.0,543.0,29.0,0.0,1994.0,1883.0,3075.0,205.0,1125.8857142857144,2806788842.0,0.7935889377749843,543.5142857142857,0.4827437446074202,0.11
yozan,2023-09-21,Fiora,Malphite,0.0,4.0,1.0,0.0,TOP,20:42,120.0,6.0,0.16666666666666666,0.0,0.1710454508243964,-0.3346075415611267,0.5214723591000373,2.0,0.0,0.0,0.0,0.0,0.25,0.0,0.0,0.0,7.0,9.0,0.0,30.0,6.0,0.0,38.0,94.0,29.0,-18.0,0.0,-1175.0,-1528.0,-2901.0,160.0,311.95,2807278535.0,0.9695906432748538,279.15,0.8948549447026767,0.0
yozan,2023-09-22,Fiora,Poppy,1.0,1.0,3.0,0.0,TOP,23:49,170.0,7.39,0.23529411764705882,0.0,0.1665486996948357,0.16860413551330566,0.8050941605049231,1.0,1.0,1.0,0.0,0.0,4.0,0.0,0.0,1.0,9.0,10.0,0.0,23.0,-7.0,0.0,-126.0,-614.0,-423.0,-22.0,0.0,-1131.0,-1205.0,-3031.0,-131.0,424.30434782608694,2807854611.0,0.8587987355110642,323.6521739130435,0.7627830720360693,0.0
yozan,2023-09-22,Fiora,Ornn,7.0,9.0,5.0,0.0,TOP,30:8,199.0,6.63,0.4,4.0,0.22645494289498666,-0.4599848985671997,0.41677537935367875,1.0,0.0,1.0,0.0,0.0,1.3333333333333333,4.0,0.0,1.0,6.0,76.0,0.0,28.0,12.0,0.0,361.0,466.0,712.0,40.0,0.0,1325.0,897.0,1144.0,808.0,783.4,2807703521.0,0.9382615759545085,463.6666666666667,0.5918645221683261,0.0
yozan,2023-09-21,Fiora,Cassiopeia,0.0,5.0,2.0,0.0,TOP,30:21,206.0,6.87,0.08695652173913043,0.0,0.09043024859830547,-0.10223513841629028,0.7109947193889008,1.0,0.0,1.0,0.0,0.0,0.4,0.0,0.0,1.0,12.0,12.0,0.0,31.0,-2.0,0.0,-63.0,-308.0,-450.0,-39.0,0.0,-2587.0,-2217.0,-5734.0,-157.0,261.1666666666667,2806999059.0,0.894134477825465,303.9,1.1636247606892152,0.0
yozan,2023-09-20,Fiora,Lillia,2.0,3.0,5.0,1.0,TOP,23:28,198.0,8.61,0.2413793103448276,0.0,0.17099640636028254,0.4789696931838989,0.8473845720299013,1.0,3.0,4.0,0.0,0.0,2.3333333333333335,1.0,0.0,4.0,8.0,13.0,0.0,24.0,-8.0,0.0,-605.0,-620.0,250.0,-1.0,0.0,-1021.0,-1514.0,-1188.0,-64.0,565.0869565217391,2806834125.0,0.9119280107218074,417.7826086956522,0.7393244594906517,0.0
yozan,2023-09-20,Fiora,Jayce,6.0,3.0,4.0,1.0,TOP,25:12,179.0,7.16,0.3333333333333333,3.0,0.18743349393047673,0.018053650856018066,0.6778094526558763,1.0,2.0,2.0,0.0,0.0,3.3333333333333335,3.0,0.0,2.0,9.0,28.0,1.0,31.0,6.0,0.0,473.0,609.0,533.0,10.0,0.0,1823.0,1278.0,3915.0,533.0,670.72,2806768248.0,0.7585387585387585,449.12,0.6696087786259542,0.0
merkatos,2023-09-29,Ornn,Quinn,0.0,1.0,5.0,1.0,TOP,16:22,136.0,8.5,0.3125,0.0,0.1318666794132724,0.11305522918701172,0.4748770322990113,2.0,0.0,0.0,0.0,1.0,5.0,3.0,0.0,0.0,6.0,28.0,0.0,31.0,4.0,0.0,220.0,595.0,-886.0,22.0,0.0,442.0,1114.0,-3809.0,-332.0,244.1875,2811378919.0,0.8521796132415601,405.25,1.6595853596109547,0.0
merkatos,2023-10-05,Jax,Gnar,8.0,7.0,3.0,0.0,TOP,30:22,185.0,6.17,0.5238095238095238,3.0,0.27619983016994837,0.007515430450439453,0.6521431718007271,1.0,1.0,3.0,1.0,0.0,1.5714285714285714,2.0,0.0,2.0,10.0,37.0,0.0,22.0,6.0,0.0,650.0,422.0,533.0,22.0,0.0,1892.0,1130.0,5098.0,235.0,740.1,2814286189.0,0.7081264698197021,384.6,0.5196595054722335,0.0
merkatos,2023-10-03,Gwen,Poppy,6.0,7.0,4.0,0.0,TOP,29:57,227.0,7.83,0.5,5.0,0.30402886234825804,0.11345577239990234,0.5528049053577123,1.0,0.0,0.0,0.0,1.0,1.4285714285714286,5.0,0.0,0.0,9.0,96.0,1.0,28.0,6.0,0.0,-67.0,-123.0,30.0,44.0,0.0,1750.0,1034.0,1751.0,323.0,1124.9310344827586,2813475977.0,0.8225559727437074,486.17241379310343,0.4321797504827882,0.28
merkatos,2023-10-02,Renekton,Nasus,3.0,5.0,3.0,0.0,TOP,21:47,173.0,8.24,0.35294117647058826,3.0,0.18909737982127797,-0.5638444423675537,0.3858535502782992,1.0,2.0,2.0,0.0,0.0,1.2,3.0,0.0,2.0,2.0,44.0,0.0,28.0,0.0,4.0,351.0,281.0,501.0,24.0,4.0,1637.0,608.0,-256.0,104.0,438.57142857142856,2812876184.0,0.9541156409858936,409.9047619047619,0.9346362649294245,0.19
merkatos,2023-10-03,Renekton,Gnar,8.0,4.0,2.0,0.0,TOP,23:53,173.0,7.52,0.5263157894736842,2.0,0.20640533590682836,0.8367940187454224,0.9174385892467374,1.0,3.0,3.0,0.0,0.0,2.5,7.0,1.0,3.0,8.0,33.0,0.0,29.0,8.0,0.0,535.0,792.0,543.0,24.0,0.0,3148.0,707.0,-95.0,4.0,532.1304347826087,2813462899.0,0.80757558727661,481.30434782608694,0.9044856605931857,0.17
merkatos,2023-09-29,Jax,Riven,3.0,6.0,0.0,0.0,TOP,24:36,160.0,6.67,0.16666666666666666,3.0,0.2848804129518419,-0.06309187412261963,0.466354446030957,0.0,0.0,1.0,0.0,0.0,0.5,0.0,0.0,1.0,7.0,11.0,0.0,33.0,11.0,-4.0,499.0,635.0,118.0,-14.0,0.0,-262.0,-61.0,3010.0,189.0,791.0416666666666,2811257518.0,0.9219457013574661,338.3333333333333,0.4277060837503292,0.33
merkatos,2023-10-01,Jax,Yone,4.0,7.0,0.0,0.0,TOP,24:58,160.0,6.67,0.16666666666666666,3.0,0.20049375051058407,-0.6661059856414795,0.32718967111141045,0.0,1.0,1.0,1.0,0.0,0.5714285714285714,0.0,0.0,1.0,5.0,1.0,0.0,22.0,-5.0,0.0,-103.0,-460.0,276.0,-24.0,-8.0,-2083.0,-1209.0,-3398.0,373.0,548.125,2812580126.0,0.7073085644514215,408.5416666666667,0.7453439756746484,0.33
merkatos,2023-09-29,Kennen,MonkeyKing,7.0,5.0,3.0,0.0,TOP,30:25,217.0,7.23,0.3333333333333333,0.0,0.21322126823873858,0.7611311674118042,1.1807910529609957,1.0,0.0,2.0,0.0,0.0,2.0,1.0,0.0,2.0,9.0,87.0,0.0,38.0,17.0,0.0,230.0,244.0,1193.0,43.0,4.0,515.0,320.0,3224.0,368.0,687.7,2811350435.0,0.9458496615603847,407.4,0.5924094808782899,0.13
merkatos,2023-09-27,Darius,Renekton,0.0,4.0,0.0,0.0,TOP,19:34,156.0,8.21,0.0,0.0,0.22105616533893424,-0.20387786626815796,0.4677245299567628,0.0,1.0,1.0,0.0,0.0,0.0,3.0,0.0,1.0,5.0,16.0,0.0,27.0,-4.0,0.0,-849.0,-289.0,-555.0,3.0,-4.0,-1879.0,-1334.0,597.0,-357.0,399.05263157894734,2810467454.0,0.93713163064833,334.4736842105263,0.8381693484568715,0.0
merkatos,2023-09-28,Jax,Malphite,2.0,2.0,2.0,0.0,TOP,20:36,162.0,8.1,0.3076923076923077,1.0,0.22691633961193675,-0.5221270322799683,0.2920509525310611,0.0,0.0,0.0,0.0,0.0,2.0,5.0,0.0,0.0,5.0,64.7999999821186,0.0,28.0,6.0,0.0,384.0,192.0,364.0,38.0,-1.0,2810.0,728.0,3254.0,683.0,457.15,2811010078.0,0.9360481005739273,469.6,1.0272339494695395,0.0
merkatos,2023-09-28,Jax,Gwen,9.0,2.0,1.0,1.0,TOP,24:52,182.0,7.58,0.38461538461538464,2.0,0.20238995684381098,0.9174816608428955,0.9553528943108744,1.0,0.0,0.0,0.0,0.0,5.0,1.0,0.0,0.0,7.0,0.0,0.0,20.0,-17.0,0.0,82.0,-191.0,-138.0,-22.0,4.0,-1586.0,-1434.0,-712.0,-456.0,649.0416666666666,2810883500.0,0.7119177855130118,509.1666666666667,0.7844899531360339,0.21
merkatos,2023-09-26,Aatrox,Gangplank,4.0,6.0,3.0,0.0,TOP,34:35,250.0,7.35,0.3181818181818182,0.0,0.17046150806647978,0.20907938480377197,0.7684762154655865,2.0,0.0,0.0,0.0,0.0,1.1666666666666667,0.0,1.0,0.0,13.0,7.0,0.0,21.0,-4.0,0.0,-197.0,17.0,-148.0,-10.0,0.0,-1916.0,-485.0,-4031.0,-489.0,440.6764705882353,2809978594.0,0.5592654424040067,384.29411764705884,0.8720549956617499,0.35
merkatos,2023-09-26,Jax,Gragas,7.0,9.0,10.0,0.0,TOP,34:54,237.0,6.97,0.3695652173913043,4.0,0.2104972877294409,0.18272686004638672,0.6358252875362469,0.0,0.0,3.0,0.0,1.0,1.8888888888888888,3.0,0.0,3.0,12.0,50.0,0.0,31.0,3.0,0.0,401.0,-233.0,-52.0,8.0,0.0,1296.0,217.0,1891.0,-85.0,926.7352941176471,2810047376.0,0.9113904645101947,430.1764705882353,0.46418483607858074,0.0
merkatos,2023-09-25,Kennen,Irelia,2.0,5.0,7.0,1.0,TOP,23:7,119.0,5.17,0.24324324324324326,0.0,0.10095200020128575,-0.171674907207489,0.37080030072461473,0.0,0.0,0.0,0.0,0.0,1.8,2.0,0.0,0.0,6.0,1.0,0.0,27.0,-4.0,0.0,-425.0,134.0,-207.0,-55.0,-4.0,-3084.0,-2240.0,-3035.0,-207.0,354.2173913043478,2809606836.0,0.8897292993630573,357.5217391304348,1.009328587210016,0.0
merkatos,2023-09-24,Renekton,Irelia,4.0,9.0,3.0,0.0,TOP,24:32,130.0,5.42,0.3181818181818182,3.0,0.16348787776499113,-0.5819318294525146,0.48475745547196225,1.0,0.0,0.0,0.0,0.0,0.7777777777777778,1.0,0.0,0.0,7.0,3.0,0.0,21.0,-11.0,0.0,-610.0,-450.0,-696.0,-35.0,-12.0,-2446.0,-1048.0,165.0,134.0,522.375,2808821664.0,0.8650610943863999,349.25,0.6685810002392917,0.0
merkatos,2023-09-24,Renekton,Camille,8.0,4.0,10.0,1.0,TOP,29:59,208.0,7.17,0.45,0.0,0.2355618830841017,0.20688891410827637,0.7067140005011086,1.0,3.0,3.0,0.0,0.0,4.5,5.0,0.0,3.0,10.0,66.0,1.0,27.0,8.0,0.0,9.0,107.0,-576.0,54.0,0.0,2577.0,1462.0,693.0,65.0,924.0,2808961019.0,0.7226408727927117,519.5862068965517,0.5623227347365278,0.0
merkatos,2023-09-24,Renekton,Zac,4.0,10.0,6.0,0.0,TOP,36:38,221.0,6.14,0.3225806451612903,2.0,0.20314207948110588,0.3920201063156128,0.5880386470524945,1.0,0.0,0.0,0.0,0.0,1.0,3.0,0.0,0.0,13.0,40.5,1.0,28.0,5.0,0.0,296.0,160.0,727.0,24.0,0.0,2292.0,1400.0,4856.0,130.0,895.7777777777778,2808846939.0,0.7040907353128584,369.8888888888889,0.4129248325477549,0.14
merkatos,2023-09-24,Renekton,Gwen,7.0,9.0,14.0,0.0,TOP,33:37,169.0,5.12,0.6363636363636364,2.0,0.1751765956206161,-0.18892604112625122,0.3808065365495201,0.0,0.0,0.0,1.0,0.0,2.3333333333333335,0.0,0.0,0.0,9.0,0.0,0.0,21.0,-13.0,0.0,203.0,438.0,-951.0,-49.0,-2.0,-2122.0,-462.0,-6321.0,-587.0,652.5454545454545,2808572290.0,0.747786923435316,401.3636363636364,0.6150738367233213,0.06
merkatos,2023-09-23,Renekton,Kennen,4.0,1.0,3.0,1.0,TOP,23:3,186.0,8.09,0.2916666666666667,0.0,0.18247920176299195,-0.3121054768562317,0.41363663052251465,1.0,0.0,0.0,0.0,0.0,7.0,1.0,0.0,0.0,6.0,55.80000001192093,0.0,23.0,-9.0,0.0,-281.0,-558.0,-1154.0,7.0,0.0,-222.0,361.0,-4261.0,-466.0,420.7391304347826,2808475014.0,0.6409069875057843,466.82608695652175,1.109538079983466,0.0
merkatos,2023-09-23,Renekton,Gragas,5.0,2.0,2.0,1.0,TOP,18:34,160.0,8.89,0.25,0.0,0.2183765244463417,0.10994195938110352,0.5406452210807559,2.0,1.0,1.0,0.0,0.0,3.5,0.0,0.0,1.0,6.0,25.0,0.0,37.0,13.0,0.0,250.0,60.0,110.0,10.0,0.0,-207.0,-594.0,-3186.0,-276.0,651.8888888888889,2808276431.0,0.8682742486953392,442.3888888888889,0.6786262144196352,0.0
merkatos,2023-09-23,Jax,Renekton,1.0,5.0,0.0,0.0,TOP,18:33,131.0,7.28,0.1,0.0,0.3075369892682212,-0.3730769157409668,0.597312866644973,1.0,1.0,1.0,0.0,0.0,0.2,0.0,0.0,1.0,7.0,11.0,0.0,29.0,-1.0,0.0,-374.0,-167.0,587.0,-20.0,0.0,-1215.0,-994.0,2516.0,153.0,623.7777777777778,2808428285.0,0.5446378439079169,346.3333333333333,0.5552190951193445,0.0
merkatos,2023-09-22,Jax,Irelia,9.0,3.0,2.0,1.0,TOP,26:26,195.0,7.5,0.5,5.0,0.256058302189309,1.635439157485962,1.0672477900299255,1.0,1.0,2.0,1.0,0.0,3.6666666666666665,5.0,0.0,2.0,10.0,45.0,1.0,33.0,11.0,0.0,950.0,920.0,289.0,25.0,4.0,2934.0,2357.0,2293.0,-202.0,614.8076923076923,2807865372.0,0.9423616424381536,508.46153846153845,0.8270253362527369,0.46
merkatos,2023-09-21,Volibear,Kled,4.0,7.0,0.0,0.0,TOP,20:2,104.0,5.2,0.26666666666666666,4.0,0.2775846182803361,-0.18128901720046997,0.31707927722278906,0.0,1.0,1.0,0.0,0.0,0.5714285714285714,1.0,0.0,1.0,3.0,7.0,0.0,20.0,2.0,0.0,-116.0,192.0,139.0,-30.0,0.0,-2210.0,-406.0,-3330.0,14.0,621.55,2807237919.0,0.9427806591935753,352.35,0.5668892285415493,0.0
merkatos,2023-09-22,Jax,Ornn,8.0,6.0,3.0,1.0,TOP,35:31,276.0,7.89,0.44,1.0,0.2580557655603936,-0.006593763828277588,0.6744401225933429,1.0,0.0,2.0,0.0,1.0,1.8333333333333333,5.0,0.0,2.0,13.0,122.25,1.0,30.0,0.0,0.0,511.0,253.0,874.0,42.0,0.0,2078.0,1341.0,2959.0,270.0,790.9714285714285,2807470597.0,0.8264636020679056,513.9142857142857,0.6497254731975148,0.46
merkatos,2023-09-21,Jax,Leblanc,7.0,8.0,10.0,0.0,TOP,38:56,213.0,5.61,0.3541666666666667,3.0,0.19607401809515748,-0.009968280792236328,0.8221533488056982,1.0,1.0,2.0,1.0,0.0,2.125,2.0,0.0,2.0,15.0,12.0,0.0,25.0,9.0,0.0,630.0,1046.0,-239.0,3.0,0.0,868.0,795.0,-1246.0,146.0,805.1578947368421,2807282585.0,0.8123805322746654,384.1578947368421,0.4771211923127206,0.05
merkatos,2023-09-21,Renekton,Olaf,5.0,5.0,9.0,1.0,TOP,28:41,236.0,8.43,0.4,2.0,0.22699050223202188,0.5112444162368774,0.7124033836598189,0.0,3.0,4.0,0.0,0.0,2.8,1.0,0.0,4.0,8.0,38.0,0.0,29.0,3.0,0.0,-94.0,154.0,-1199.0,20.0,0.0,365.0,884.0,-2055.0,-409.0,700.3571428571429,2807078348.0,0.8713870360868822,449.92857142857144,0.6424273329933707,0.0
merkatos,2023-09-20,Renekton,Gwen,7.0,2.0,4.0,1.0,TOP,21:27,186.0,8.86,0.3793103448275862,5.0,0.2923897789579813,-0.1250571608543396,0.28302626441712614,0.0,1.0,1.0,1.0,0.0,5.5,6.0,0.0,1.0,3.0,131.00000002980232,1.0,24.0,1.0,0.0,489.0,328.0,276.0,69.0,0.0,5107.0,5127.0,3879.0,274.0,935.8571428571429,2806778528.0,0.9477344100493494,615.0952380952381,0.6572533455452094,0.19
merkatos,2023-09-20,Renekton,Aatrox,14.0,3.0,2.0,1.0,TOP,26:55,191.0,7.35,0.45714285714285713,7.0,0.2770660651280805,-0.5268113017082214,0.4294552367353326,1.0,2.0,2.0,1.0,0.0,5.333333333333333,3.0,0.0,2.0,7.0,69.0,1.0,35.0,11.0,0.0,296.0,129.0,810.0,57.0,0.0,3654.0,2663.0,5183.0,474.0,865.0769230769231,2806811366.0,0.6537772626698978,552.0769230769231,0.6381824648764005,0.0
ryota winter,2023-10-05,LeeSin,RekSai,7.0,5.0,17.0,1.0,JUNGLE,26:40,23.0,0.88,0.5,0.0,0.1267712862091199,0.47918498516082764,1.1148026153840718,7.0,2.0,2.0,0.0,0.0,4.8,3.0,2.0,2.0,13.0,42.99999997019768,0.0,2.0,1.0,0.0,740.0,339.0,-379.0,-4.0,16.0,-582.0,570.0,-2863.0,10.0,541.2692307692307,2814239638.0,0.8104289750834832,485.46153846153845,0.8968947630213885,4.42
ryota winter,2023-09-28,JarvanIV,Shaco,4.0,6.0,26.0,1.0,JUNGLE,34:14,28.0,0.82,0.625,0.0,0.11111745171606097,0.6461268663406372,0.9724544765063347,9.0,3.0,4.0,0.0,0.0,5.0,2.0,0.0,4.0,10.0,0.7499999701976776,0.0,0.0,0.0,-5.0,-291.0,-295.0,-238.0,4.0,-21.0,-141.0,-420.0,-1771.0,-296.0,404.47058823529414,2811091643.0,0.6150736355760901,434.20588235294116,1.0735165794066317,4.32
ryota winter,2023-10-05,LeeSin,Warwick,5.0,7.0,12.0,0.0,JUNGLE,38:8,100.0,2.63,0.5151515151515151,2.0,0.14297506426331227,0.08742380142211914,0.8422705382084437,5.0,2.0,2.0,0.0,0.0,2.4285714285714284,0.0,1.0,2.0,15.0,36.000000059604645,0.0,1.0,1.0,0.0,368.0,257.0,417.0,-2.0,24.0,733.0,854.0,1554.0,0.0,439.89473684210526,2814344872.0,0.6667622598221967,414.0263157894737,0.9411940655659249,4.39
ryota winter,2023-09-30,JarvanIV,Lillia,9.0,5.0,16.0,0.0,JUNGLE,29:14,35.0,1.21,0.625,0.0,0.1976495000853161,0.6896179914474487,0.9973370325329419,5.0,2.0,3.0,0.0,0.0,5.0,0.0,1.0,3.0,6.0,3.600000023841858,0.0,0.0,0.0,-12.0,-638.0,-508.0,-454.0,-17.0,-12.0,686.0,24.0,55.0,0.0,644.1034482758621,2812103255.0,0.837137569401604,481.6896551724138,0.7478451737245034,4.9
ryota winter,2023-10-05,Taliyah,Viego,7.0,2.0,16.0,1.0,JUNGLE,28:50,33.0,1.18,0.6216216216216216,1.0,0.2508101299098156,1.2387168407440186,0.889368977051575,4.0,1.0,3.0,0.0,1.0,11.5,0.0,4.0,3.0,7.0,79.85000011324883,1.0,1.0,1.0,-5.0,126.0,-103.0,-206.0,6.0,16.0,987.0,1199.0,548.0,288.0,881.6071428571429,2814312951.0,0.5985370656913771,542.9642857142857,0.6158800891229491,6.32
fa letter,2023-10-06,JarvanIV,Rengar,4.0,0.0,6.0,1.0,JUNGLE,21:36,18.0,0.86,0.38461538461538464,1.0,0.16690757165558928,0.22937214374542236,0.9950464024362593,3.0,2.0,2.0,0.0,0.0,10.0,1.0,2.0,2.0,5.0,4.0,0.0,1.0,0.0,-9.0,-247.0,-244.0,-336.0,5.0,-16.0,-199.0,433.0,-1196.0,0.0,463.0952380952381,2814722317.0,0.6294353594569577,435.2857142857143,0.9399485861182519,5.24
fa letter,2023-10-06,JarvanIV,Talon,1.0,3.0,15.0,1.0,JUNGLE,21:43,9.0,0.43,0.6153846153846154,0.0,0.15134603774671318,-0.19443941116333008,0.8770629544182703,4.0,2.0,3.0,0.0,0.0,5.333333333333333,1.0,3.0,3.0,5.0,3.9999999701976776,0.0,1.0,1.0,-3.0,73.0,-62.0,590.0,-9.0,-3.0,-792.0,-846.0,-1336.0,348.0,395.9047619047619,2814768197.0,0.9889459139360443,389.76190476190476,0.9844840028866971,4.71
fa letter,2023-10-05,Hecarim,Warwick,13.0,6.0,17.0,1.0,JUNGLE,27:2,60.0,2.22,0.7317073170731707,0.0,0.2911471942260831,-0.0999671220779419,1.2694639509387031,6.0,3.0,8.0,0.0,0.0,5.0,0.0,2.0,8.0,7.0,63.00000011920929,1.0,5.0,5.0,8.0,646.0,646.0,-305.0,13.0,13.0,1285.0,638.0,2099.0,-305.0,1059.4074074074074,2814268044.0,0.9404019404019404,551.4814814814815,0.5205565655153126,5.04
fa letter,2023-10-04,Viego,Kayn,3.0,4.0,1.0,0.0,JUNGLE,24:10,58.0,2.42,0.2857142857142857,0.0,0.08193239710444238,0.8407808542251587,1.0096544471422277,2.0,2.0,4.0,0.0,0.0,1.0,3.0,0.0,4.0,4.0,8.25,0.0,1.0,1.0,-4.0,-69.0,-91.0,27.0,13.0,-29.0,-603.0,-1118.0,-3239.0,0.0,186.25,2814151862.0,0.6537231612608497,403.6666666666667,2.167337807606264,4.38
fa letter,2023-10-05,Hecarim,Nidalee,8.0,2.0,8.0,1.0,JUNGLE,27:23,54.0,2.0,0.5161290322580645,1.0,0.18151914416768958,0.23308396339416504,1.1492060848387924,5.0,6.0,9.0,0.0,0.0,8.0,0.0,3.0,8.0,6.0,104.00000011920929,1.0,0.0,0.0,4.0,-328.0,27.0,-757.0,2.0,24.0,1576.0,1627.0,1000.0,-418.0,588.4444444444445,2814308839.0,0.7244973938942666,485.14814814814815,0.8244587109768379,5.85
fa letter,2023-10-05,Khazix,Ekko,7.0,6.0,5.0,0.0,JUNGLE,20:41,22.0,1.1,0.5217391304347826,2.0,0.16273447256862453,-0.2746715545654297,0.40013522893846365,1.0,0.0,0.0,0.0,0.0,2.0,0.0,1.0,0.0,3.0,4.499999970197678,0.0,3.0,3.0,0.0,206.0,121.0,-470.0,-43.0,-2.0,-2218.0,-1269.0,-4760.0,0.0,511.0,2814226090.0,0.7980916480150784,484.5,0.9481409001956947,4.2
fa letter,2023-10-04,Viego,Kayn,12.0,6.0,4.0,1.0,JUNGLE,32:13,36.0,1.12,0.48484848484848486,2.0,0.15401187003897507,0.23136985301971436,1.0973578637036003,6.0,1.0,2.0,0.0,0.0,2.6666666666666665,5.0,3.0,2.0,8.0,4.0,0.0,8.0,1.0,-4.0,489.0,-70.0,461.0,-2.0,-2.0,1495.0,629.0,1806.0,-26.0,640.0625,2813782116.0,0.9890564921620822,446.75,0.697978713016307,3.81
fa letter,2023-10-05,Belveth,LeeSin,8.0,8.0,18.0,1.0,JUNGLE,35:18,59.0,1.69,0.5652173913043478,1.0,0.18696005528496273,-0.09197252988815308,1.0372544054257238,5.0,1.0,5.0,0.0,0.0,3.25,4.0,2.0,5.0,7.0,69.50000008940697,0.0,0.0,-2.0,11.0,64.0,495.0,-135.0,20.0,21.0,1590.0,1117.0,69.0,-82.0,860.0857142857143,2814566478.0,0.6632285919884865,461.25714285714287,0.5362920639138956,4.86
fa letter,2023-10-03,Khazix,Graves,2.0,5.0,2.0,0.0,JUNGLE,21:39,22.0,1.05,0.3333333333333333,0.0,0.16075157085413164,-0.2948140501976013,0.7785866654818918,1.0,3.0,5.0,0.0,0.0,0.8,2.0,0.0,5.0,3.0,2.25,0.0,0.0,-6.0,-4.0,-648.0,-630.0,84.0,-12.0,-3.0,-1948.0,-1417.0,-3616.0,367.0,407.57142857142856,2813660611.0,0.7369897164225615,421.76190476190476,1.0348171515363944,5.24
fa letter,2023-10-03,Viego,Ekko,9.0,2.0,2.0,1.0,JUNGLE,16:19,26.0,1.62,0.6470588235294118,2.0,0.222026182283329,-0.36576640605926514,0.6392425656697618,1.0,1.0,1.0,0.0,0.0,5.5,2.0,2.0,1.0,2.0,6.999999970197678,0.0,3.0,2.0,-8.0,-59.0,-192.0,681.0,8.0,-6.0,542.0,-179.0,2758.0,338.0,515.375,2813639499.0,0.7754543191436395,528.375,1.025224351200582,5.12
fa letter,2023-10-03,JarvanIV,Trundle,11.0,4.0,16.0,1.0,JUNGLE,21:20,25.0,1.19,0.627906976744186,1.0,0.1937435251044157,-0.323363721370697,0.9573643162597802,3.0,5.0,5.0,0.0,0.0,6.75,1.0,3.0,5.0,4.0,43.950000047683716,0.0,1.0,0.0,2.0,436.0,166.0,177.0,2.0,3.0,1577.0,304.0,2743.0,-133.0,799.8095238095239,2813385791.0,0.755558346941339,578.5714285714286,0.7233865206001429,4.33
fa letter,2023-10-02,Viego,Evelynn,12.0,1.0,7.0,1.0,JUNGLE,27:24,49.0,1.81,0.4634146341463415,1.0,0.18117093461418407,2.7375800609588623,1.7120305166654806,3.0,5.0,11.0,1.0,0.0,19.0,5.0,1.0,11.0,8.0,77.09999999403954,0.0,0.0,0.0,9.0,591.0,318.0,294.0,13.0,8.0,3893.0,922.0,4869.0,0.0,816.4444444444445,2813061924.0,0.5967213114754099,566.7037037037037,0.6941117764471058,4.78
fa letter,2023-10-03,Graves,Rengar,11.0,5.0,10.0,1.0,JUNGLE,30:20,70.0,2.33,0.5675675675675675,0.0,0.2465378175176297,2.3906309604644775,2.449339158590137,2.0,14.0,27.0,0.0,0.0,4.2,1.0,2.0,20.0,26.0,3.599999874830246,0.0,1.0,1.0,-8.0,-108.0,-190.0,603.0,7.0,-24.0,-149.0,-1207.0,1845.0,249.0,940.9666666666667,2813603721.0,0.9111258497761565,523.6333333333333,0.5564844663289525,4.53
fa letter,2023-10-02,Kindred,FiddleSticks,11.0,6.0,8.0,1.0,JUNGLE,33:58,65.0,1.97,0.7037037037037037,2.0,0.2890149827524981,0.26278114318847656,1.5766532534290263,5.0,5.0,15.0,0.0,1.0,3.1666666666666665,2.0,3.0,15.0,6.0,36.59999990463257,0.0,1.0,1.0,-10.0,-41.0,-290.0,711.0,15.0,-10.0,1420.0,563.0,6449.0,397.0,1098.3030303030303,2812900777.0,0.9122623147177721,497.3030303030303,0.45279218629290363,4.88
fa letter,2023-10-01,JarvanIV,LeeSin,9.0,0.0,4.0,1.0,JUNGLE,20:11,17.0,0.85,0.48148148148148145,2.0,0.13771972229617493,0.1939702033996582,1.1462179729356519,3.0,4.0,4.0,0.0,1.0,13.0,2.0,2.0,4.0,4.0,43.39999997615814,0.0,0.0,0.0,8.0,81.0,360.0,-116.0,7.0,11.0,2173.0,679.0,2654.0,60.0,421.6,2812818938.0,0.640963269277548,483.8,1.1475332068311195,5.6
fa letter,2023-10-01,Khazix,Briar,5.0,1.0,8.0,1.0,JUNGLE,19:24,36.0,1.89,0.5416666666666666,0.0,0.16357854946170383,2.6082444190979004,2.7057389059053736,3.0,12.0,12.0,0.0,0.0,13.0,2.0,1.0,12.0,19.0,63.99999997019768,1.0,6.0,4.0,8.0,-33.0,254.0,-345.0,9.0,26.0,3166.0,2222.0,1101.0,-262.0,479.63157894736844,2812763672.0,0.8772782503037667,564.6842105263158,1.1773290903105453,6.53
fa letter,2023-10-01,Viego,Nidalee,6.0,2.0,6.0,1.0,JUNGLE,27:0,62.0,2.3,0.5454545454545454,3.0,0.22348253338880633,0.2865184545516968,1.5098513853943258,5.0,4.0,11.0,0.0,0.0,6.0,0.0,2.0,11.0,7.0,111.15000012516975,0.0,1.0,1.0,7.0,473.0,280.0,234.0,11.0,32.0,987.0,1772.0,-729.0,0.0,554.8888888888889,2812594569.0,0.7598073927205778,484.14814814814815,0.8725136830863703,5.85
fa letter,2023-10-01,Khazix,LeeSin,6.0,6.0,5.0,0.0,JUNGLE,32:49,70.0,2.19,0.4782608695652174,1.0,0.228588074036219,0.5436465740203857,1.604172774744431,2.0,4.0,14.0,0.0,0.0,1.8333333333333333,4.0,1.0,14.0,19.0,29.600000023841858,1.0,6.0,4.0,2.0,-166.0,44.0,404.0,18.0,8.0,1863.0,667.0,3925.0,0.0,725.59375,2812639743.0,0.7664048644540157,498.5625,0.6871096946466256,4.62
fa letter,2023-10-01,Khazix,Hecarim,4.0,9.0,12.0,1.0,JUNGLE,29:31,53.0,1.83,0.3902439024390244,0.0,0.1419360676841729,1.1345336437225342,1.6439879500230816,5.0,7.0,14.0,0.0,0.0,1.7777777777777777,2.0,3.0,11.0,19.0,2.4000000059604645,0.0,1.0,-8.0,-8.0,-1026.0,-657.0,-1060.0,-31.0,-30.0,-3121.0,-2836.0,-8339.0,0.0,610.7931034482758,2812531673.0,0.8580277917294492,417.1034482758621,0.6828882741489302,3.9
fa letter,2023-10-01,Viego,Gragas,6.0,1.0,4.0,1.0,JUNGLE,18:35,40.0,2.22,0.4166666666666667,1.0,0.13411021706948303,0.3695114850997925,0.8932546955380205,3.0,2.0,2.0,0.0,0.0,10.0,5.0,2.0,2.0,6.0,43.749999940395355,0.0,2.0,2.0,12.0,687.0,633.0,92.0,19.0,2.0,2906.0,992.0,2229.0,0.0,387.94444444444446,2812246787.0,0.49218507400890177,514.3888888888889,1.3259344121437777,5.0
fa letter,2023-09-30,Khazix,Karthus,14.0,8.0,10.0,0.0,JUNGLE,40:30,75.0,1.88,0.5333333333333333,7.0,0.22504087831824857,6.769070625305176,2.637207574976596,5.0,4.0,23.0,0.0,0.0,3.0,1.0,4.0,23.0,33.0,45.19999986886978,0.0,0.0,0.0,-4.0,-138.0,-246.0,-39.0,8.0,-21.0,90.0,-1635.0,-6426.0,-6.0,1311.675,2811681555.0,0.7751705973901593,553.175,0.42173175519850575,4.88
fa letter,2023-09-29,Kindred,Kayn,9.0,11.0,19.0,0.0,JUNGLE,42:51,112.0,2.67,0.6829268292682927,1.0,0.27210787393735036,0.771080493927002,1.153117105513761,5.0,3.0,13.0,0.0,0.0,2.5454545454545454,3.0,1.0,13.0,7.0,3.75,0.0,0.0,-8.0,-4.0,-893.0,-515.0,-531.0,-10.0,-13.0,203.0,-964.0,407.0,167.0,1211.2857142857142,2811235710.0,0.87428722981037,475.0,0.39214530015331994,3.98
fa letter,2023-09-28,Kindred,Nidalee,14.0,9.0,10.0,1.0,JUNGLE,36:52,55.0,1.53,0.48,1.0,0.22483856489408557,0.7590984106063843,1.449618675457253,6.0,3.0,15.0,0.0,1.0,2.6666666666666665,0.0,2.0,14.0,10.0,51.34999993443489,0.0,0.0,0.0,-5.0,252.0,-141.0,348.0,4.0,1.0,1978.0,770.0,2011.0,-30.0,1197.0555555555557,2811008018.0,0.9417667844522968,470.3888888888889,0.39295493572191026,4.25
fa letter,2023-09-27,Khazix,Lillia,17.0,2.0,5.0,1.0,JUNGLE,19:31,40.0,2.11,0.6470588235294118,3.0,0.3408065109738418,0.6650772094726562,1.5828671501621605,3.0,8.0,8.0,0.0,0.0,11.0,4.0,0.0,8.0,5.0,35.84999996423721,1.0,4.0,4.0,-8.0,682.0,10.0,516.0,20.0,-4.0,4337.0,1551.0,6979.0,337.0,1204.421052631579,2810540012.0,1.0237113402061855,733.2631578947369,0.6088096486628212,4.58
fa letter,2023-09-28,Viego,Kayn,10.0,4.0,11.0,1.0,JUNGLE,24:0,26.0,1.08,0.4666666666666667,1.0,0.142794808872382,1.8512568473815918,1.1375471809359585,2.0,3.0,3.0,1.0,0.0,5.25,4.0,1.0,3.0,6.0,44.10000002384186,1.0,0.0,0.0,0.0,827.0,86.0,197.0,-2.0,16.0,4060.0,2601.0,1964.0,324.0,486.9583333333333,2810969799.0,0.6819517930629042,520.25,1.0683665611363053,4.75
fa letter,2023-09-28,JarvanIV,Khazix,8.0,4.0,6.0,0.0,JUNGLE,26:31,48.0,1.85,0.7368421052631579,2.0,0.23189884752131917,0.27525806427001953,0.9551358909204295,3.0,2.0,3.0,0.0,0.0,3.5,1.0,0.0,3.0,5.0,4.0,0.0,1.0,0.0,4.0,-22.0,294.0,-194.0,1.0,-19.0,-889.0,-253.0,-380.0,330.0,576.3076923076923,2810944572.0,0.9831099687901598,444.03846153846155,0.7704885210891618,4.08
fa letter,2023-09-27,Graves,JarvanIV,11.0,4.0,6.0,1.0,JUNGLE,21:24,46.0,2.19,0.6296296296296297,1.0,0.19817843519667963,0.5713410377502441,1.6059872820979002,3.0,7.0,7.0,0.0,0.0,4.25,6.0,0.0,7.0,12.0,22.400000005960464,1.0,5.0,4.0,-12.0,219.0,-346.0,499.0,19.0,-2.0,3314.0,1262.0,2616.0,97.0,613.5714285714286,2810508564.0,0.938912645082468,578.1428571428571,0.9422584400465658,3.62
fa letter,2023-09-27,Poppy,JarvanIV,4.0,5.0,10.0,0.0,JUNGLE,25:39,27.0,1.08,0.6363636363636364,2.0,0.23309641350323604,0.110931396484375,0.8481359430996714,2.0,2.0,3.0,0.0,1.0,2.8,4.0,0.0,3.0,5.0,4.0,0.0,2.0,2.0,-8.0,-357.0,-134.0,94.0,5.0,-40.0,-660.0,-959.0,1213.0,463.0,590.08,2810558589.0,0.891736870406883,418.88,0.7098698481561823,3.2
fa letter,2023-09-27,Vi,Nunu,5.0,3.0,4.0,0.0,JUNGLE,17:8,31.0,1.82,0.5,0.0,0.1952221668102635,1.19930100440979,0.8761794736121571,4.0,1.0,1.0,0.0,0.0,3.0,3.0,0.0,1.0,6.0,15.0,1.0,0.0,0.0,-12.0,-306.0,-393.0,436.0,11.0,-8.0,1431.0,1003.0,-984.0,0.0,604.9411764705883,2810486741.0,0.9429263696325212,497.11764705882354,0.8217619603267211,4.71
fa letter,2023-09-27,Sejuani,Talon,1.0,2.0,9.0,1.0,JUNGLE,19:58,17.0,0.89,0.5263157894736842,0.0,0.20477275631062963,0.14937341213226318,0.6833707548228601,3.0,1.0,1.0,0.0,0.0,5.0,6.0,1.0,1.0,5.0,4.000000029802322,0.0,0.0,-3.0,-8.0,-469.0,-369.0,539.0,4.0,-28.0,281.0,90.0,2251.0,0.0,524.3157894736842,2810463127.0,0.5918367346938775,389.4736842105263,0.7428227263601687,4.21
sarolu,2023-09-23,Briar,Nocturne,6.0,1.0,6.0,1.0,JUNGLE,16:10,14.0,0.88,0.6,1.0,0.24414942468083892,0.17879998683929443,0.9538608378843751,2.0,2.0,2.0,1.0,0.0,12.0,1.0,1.0,2.0,4.0,21.999999970197678,1.0,0.0,0.0,0.0,560.0,128.0,83.0,2.0,8.0,2828.0,2044.0,6158.0,167.0,598.5,2808480785.0,0.658282347609336,482.9375,0.8069131161236425,6.19
sarolu,2023-09-24,Belveth,Udyr,19.0,1.0,5.0,1.0,JUNGLE,21:27,76.0,3.62,0.96,7.0,0.38609332348073844,2.274894952774048,1.3747449680610027,1.0,7.0,7.0,1.0,0.0,24.0,4.0,3.0,7.0,6.0,119.7999999821186,1.0,0.0,0.0,16.0,1066.0,606.0,566.0,23.0,19.0,4651.0,2201.0,4926.0,674.0,1099.1904761904761,2808880524.0,0.692181669245472,772.2380952380952,0.7025516613958325,6.62
sarolu,2023-09-27,Belveth,Taliyah,18.0,3.0,6.0,1.0,JUNGLE,22:34,40.0,1.82,0.8,4.0,0.34503895431870907,1.1113672256469727,0.9392938040396223,2.0,3.0,3.0,0.0,0.0,8.0,0.0,1.0,3.0,3.0,22.44999995827675,0.0,3.0,1.0,12.0,161.0,438.0,-582.0,1.0,7.0,1558.0,1409.0,3200.0,-454.0,1248.090909090909,2810437264.0,0.3970031002411299,693.6363636363636,0.5557578847694661,5.41
sarolu,2023-09-26,Belveth,Ekko,5.0,7.0,8.0,0.0,JUNGLE,29:38,35.0,1.21,0.5,2.0,0.19151827680465477,-0.04257047176361084,0.9876910396486199,6.0,3.0,6.0,0.0,0.0,1.8571428571428572,0.0,1.0,6.0,8.0,8.0,0.0,0.0,0.0,-4.0,-301.0,-121.0,635.0,-16.0,20.0,-1705.0,6.0,-1880.0,187.0,751.6206896551724,2809917998.0,0.8813400125234815,399.7241379310345,0.5318163049961003,4.79
sarolu,2023-09-25,Belveth,Zac,6.0,5.0,4.0,0.0,JUNGLE,33:22,21.0,0.64,0.5,0.0,0.16176426733442564,0.10516226291656494,1.0791467126939605,6.0,2.0,7.0,0.0,0.0,2.0,0.0,2.0,7.0,9.0,13.950000047683716,0.0,0.0,-1.0,-4.0,-252.0,-285.0,626.0,-2.0,4.0,475.0,521.0,2964.0,413.0,473.54545454545456,2809444476.0,0.768941105588191,389.09090909090907,0.8216548281819928,5.55
sarolu,2023-09-25,Belveth,Lillia,8.0,5.0,10.0,1.0,JUNGLE,28:10,32.0,1.14,0.6923076923076923,1.0,0.2573438843799854,0.7195905447006226,1.0896959378263642,6.0,2.0,3.0,0.0,1.0,3.6,4.0,4.0,3.0,7.0,51.80000016093254,1.0,0.0,0.0,-2.0,189.0,-5.0,729.0,1.0,9.0,2834.0,1648.0,3317.0,-41.0,798.4285714285714,2809466419.0,0.5882967607105538,500.7142857142857,0.6271247092503132,5.61
sarolu,2023-10-02,Briar,LeeSin,11.0,9.0,13.0,0.0,JUNGLE,26:52,28.0,1.08,0.75,1.0,0.3162768953935159,-0.44976699352264404,0.52278324009,4.0,1.0,1.0,0.0,0.0,2.6666666666666665,0.0,1.0,1.0,6.0,29.200000077486038,0.0,1.0,0.0,7.0,794.0,692.0,649.0,8.0,6.0,904.0,447.0,5841.0,403.0,1043.7692307692307,2812910267.0,0.760926803580832,542.5,0.5197509027931314,4.88
sarolu,2023-09-23,Briar,Shaco,10.0,9.0,18.0,1.0,JUNGLE,37:20,35.0,0.95,0.6363636363636364,0.0,0.27480539695558215,1.7480056285858154,1.1121459941842942,3.0,4.0,9.0,1.0,0.0,3.111111111111111,2.0,3.0,9.0,5.0,54.00000011920929,0.0,0.0,-1.0,-4.0,372.0,89.0,416.0,0.0,8.0,1799.0,660.0,2885.0,542.0,1110.945945945946,2808530716.0,0.6875730424620179,429.7027027027027,0.38678992823257513,4.24
sarolu,2023-09-23,Kayn,Lillia,9.0,1.0,9.0,1.0,JUNGLE,22:29,13.0,0.59,0.45,1.0,0.1571404523647707,-0.04137390851974487,0.9929365874815712,2.0,1.0,2.0,1.0,0.0,18.0,0.0,1.0,2.0,3.0,24.000000059604645,1.0,0.0,-4.0,0.0,379.0,109.0,-581.0,-2.0,10.0,1389.0,1272.0,-3343.0,181.0,626.3181818181819,2808019517.0,0.8755161339654381,497.22727272727275,0.7938892517599245,6.18
sarolu,2023-09-23,Belveth,Elise,1.0,8.0,8.0,0.0,JUNGLE,24:19,37.0,1.54,0.391304347826087,0.0,0.14971322919826338,1.3627912998199463,0.8634332771200357,1.0,5.0,7.0,0.0,1.0,1.125,2.0,0.0,7.0,2.0,42.00000008940697,0.0,4.0,4.0,-1.0,127.0,80.0,494.0,19.0,12.0,636.0,-136.0,-1900.0,438.0,494.7916666666667,2808215383.0,0.7968183086798772,391.25,0.7907368421052632,4.75
sarolu,2023-09-23,Zed,Taliyah,6.0,9.0,6.0,0.0,JUNGLE,23:43,15.0,0.65,0.5714285714285714,0.0,0.2629423155314963,-0.3320872187614441,1.076860106650092,1.0,8.0,8.0,0.0,0.0,1.3333333333333333,0.0,1.0,8.0,8.0,6.999999940395355,0.0,0.0,-1.0,-4.0,-231.0,-212.0,-71.0,-10.0,8.0,-1321.0,-1009.0,-188.0,218.0,619.1304347826087,2807958988.0,0.7336476134354744,400.3478260869565,0.6466292134831461,5.13
sarolu,2023-09-22,Karthus,LeeSin,5.0,9.0,7.0,0.0,JUNGLE,25:1,39.0,1.56,0.5714285714285714,0.0,0.26881587706488774,-0.025367021560668945,0.84136343102124,2.0,4.0,4.0,1.0,0.0,1.3333333333333333,1.0,0.0,4.0,3.0,28.400000035762787,0.0,1.0,1.0,0.0,242.0,23.0,1202.0,5.0,19.0,-697.0,433.0,634.0,286.0,815.32,2807861967.0,0.8981794747865314,407.52,0.4998282882794486,5.28
sarolu,2023-09-23,Hecarim,Briar,17.0,8.0,10.0,0.0,JUNGLE,35:35,47.0,1.34,0.7714285714285715,3.0,0.3123490755513733,0.2668396234512329,0.6559539862623808,1.0,1.0,1.0,0.0,0.0,3.375,0.0,2.0,1.0,2.0,56.800000071525574,0.0,1.0,0.0,0.0,-351.0,-105.0,-305.0,-3.0,1.0,475.0,-379.0,-2314.0,38.0,1127.4285714285713,2808240584.0,0.5439260193358554,578.5142857142857,0.5131272174353776,6.26
sarolu,2023-09-22,Belveth,LeeSin,7.0,4.0,5.0,0.0,JUNGLE,25:47,19.0,0.76,0.7058823529411765,0.0,0.210504377707877,-0.23682886362075806,0.91342999971128,2.0,4.0,5.0,1.0,0.0,3.0,3.0,0.0,5.0,3.0,30.10000005364418,0.0,0.0,0.0,0.0,576.0,103.0,622.0,1.0,12.0,1818.0,702.0,3341.0,97.0,492.28,2807688611.0,0.9018195139821712,453.92,0.9220768668237589,5.96
